,id,owner_name,owner_is_human,is_army,is_building,is_worker,started_at,finished_at,died_at
Athyva100139016,100139016,Athyva,True,NA,NA,NA,9454,9454,NA
Athyva100401153,100401153,Athyva,True,NA,NA,NA,9220,9220,NA
Athyva100663297,100663297,Athyva,True,NA,NA,NA,9225,9225,NA
Athyva100925442,100925442,Athyva,True,NA,NA,NA,9965,9965,NA
Athyva101449729,101449729,Athyva,True,NA,NA,NA,9966,9966,NA
Athyva102236172,102236172,Athyva,True,NA,NA,NA,10268,10268,10833
Athyva102498313,102498313,Athyva,True,NA,NA,NA,10242,10242,11657
Athyva102760457,102760457,Athyva,True,NA,NA,NA,10255,10255,NA
Athyva103022603,103022603,Athyva,True,NA,NA,NA,10549,10822,NA
Athyva103284740,103284740,Athyva,True,NA,NA,NA,10260,10260,NA
Athyva104071169,104071169,Athyva,True,NA,NA,NA,10272,10272,11657
Athyva104333314,104333314,Athyva,True,NA,NA,NA,10451,10451,NA
Athyva104857602,104857602,Athyva,True,NA,NA,NA,10462,10462,NA
Athyva105119747,105119747,Athyva,True,NA,NA,NA,10540,NA,NA
Athyva105381890,105381890,Athyva,True,NA,NA,NA,10466,10466,NA
Athyva105644034,105644034,Athyva,True,NA,NA,NA,10528,11088,NA
Athyva105906178,105906178,Athyva,True,NA,NA,NA,10517,11077,NA
Athyva106168321,106168321,Athyva,True,NA,NA,NA,10472,10472,NA
Athyva106692609,106692609,Athyva,True,NA,NA,NA,10660,10660,NA
Athyva107479043,107479043,Athyva,True,NA,NA,NA,11718,11718,NA
Athyva107741185,107741185,Athyva,True,NA,NA,NA,10805,10805,NA
Athyva108003351,108003351,Athyva,True,NA,NA,NA,11402,11402,NA
Athyva108265483,108265483,Athyva,True,NA,NA,NA,11026,11299,NA
Athyva108527630,108527630,Athyva,True,NA,NA,NA,11111,11111,NA
Athyva108789761,108789761,Athyva,True,NA,NA,NA,10918,10918,NA
Athyva109314073,109314073,Athyva,True,NA,NA,NA,11752,11752,NA
Athyva109576218,109576218,Athyva,True,NA,NA,NA,11606,11606,NA
Athyva109838337,109838337,Athyva,True,NA,NA,NA,10922,10922,NA
Athyva34078733,34078733,Athyva,True,NA,NA,NA,10470,10470,11122
Athyva34078748,34078748,Athyva,True,NA,NA,NA,11559,11559,NA
Athyva42991617,42991617,Athyva,True,NA,NA,NA,0,0,NA
Athyva43253761,43253761,Athyva,True,NA,NA,NA,0,0,NA
Athyva43515905,43515905,Athyva,True,NA,NA,NA,0,0,NA
Athyva43778049,43778049,Athyva,True,NA,NA,NA,0,0,NA
Athyva44040193,44040193,Athyva,True,NA,NA,NA,0,0,NA
Athyva44302337,44302337,Athyva,True,NA,NA,NA,0,0,NA
Athyva44564481,44564481,Athyva,True,NA,NA,NA,0,0,NA
Athyva44826625,44826625,Athyva,True,NA,NA,NA,0,0,NA
Athyva45088769,45088769,Athyva,True,NA,NA,NA,0,0,NA
Athyva45350913,45350913,Athyva,True,NA,NA,NA,0,0,NA
Athyva45613057,45613057,Athyva,True,NA,NA,NA,0,0,NA
Athyva45875201,45875201,Athyva,True,NA,NA,NA,0,0,NA
Athyva46137345,46137345,Athyva,True,NA,NA,NA,0,0,NA
Athyva46399489,46399489,Athyva,True,NA,NA,NA,0,0,NA
Athyva46661633,46661633,Athyva,True,NA,NA,NA,0,0,NA
Athyva50331649,50331649,Athyva,True,NA,NA,NA,0,0,NA
Athyva50593793,50593793,Athyva,True,NA,NA,NA,0,0,295
Athyva50855937,50855937,Athyva,True,NA,NA,NA,0,0,690
Athyva50855938,50855938,Athyva,True,NA,NA,NA,695,695,11089
Athyva50855941,50855941,Athyva,True,NA,NA,NA,11107,11107,11606
Athyva50855942,50855942,Athyva,True,NA,NA,NA,11609,11609,NA
Athyva51118081,51118081,Athyva,True,NA,NA,NA,0,0,695
Athyva51380225,51380225,Athyva,True,NA,NA,NA,0,0,6258
Athyva51380226,51380226,Athyva,True,NA,NA,NA,6278,6278,NA
Athyva51642369,51642369,Athyva,True,NA,NA,NA,0,0,8112
Athyva51642378,51642378,Athyva,True,NA,NA,NA,11398,11398,NA
Athyva51904513,51904513,Athyva,True,NA,NA,NA,0,0,NA
Athyva52166657,52166657,Athyva,True,NA,NA,NA,0,0,6277
Athyva52166658,52166658,Athyva,True,NA,NA,NA,6291,6291,6917
Athyva52166659,52166659,Athyva,True,NA,NA,NA,6922,6922,NA
Athyva52428801,52428801,Athyva,True,NA,NA,NA,0,0,NA
Athyva52690945,52690945,Athyva,True,NA,NA,NA,0,0,6204
Athyva52690947,52690947,Athyva,True,NA,NA,NA,6470,6470,6922
Athyva52690948,52690948,Athyva,True,NA,NA,NA,6926,6926,NA
Athyva52953089,52953089,Athyva,True,NA,NA,NA,0,0,NA
Athyva53215233,53215233,Athyva,True,NA,NA,NA,0,0,1884
Athyva53215234,53215234,Athyva,True,NA,NA,NA,1970,1970,2271
Athyva53477377,53477377,Athyva,True,NA,NA,NA,0,0,6541
Athyva53477410,53477410,Athyva,True,NA,NA,NA,11644,11644,NA
Athyva53739521,53739521,Athyva,True,NA,NA,NA,0,0,NA
Athyva54001665,54001665,Athyva,True,NA,NA,NA,0,0,6295
Athyva54001666,54001666,Athyva,True,NA,NA,NA,6306,6306,6926
Athyva54001667,54001667,Athyva,True,NA,NA,NA,6930,6930,NA
Athyva54263809,54263809,Athyva,True,NA,NA,NA,0,0,6185
Athyva54263810,54263810,Athyva,True,NA,NA,NA,6193,6193,10909
Athyva54263811,54263811,Athyva,True,NA,NA,NA,10914,10914,11640
Athyva54525953,54525953,Athyva,True,NA,NA,NA,0,0,4717
Athyva54525957,54525957,Athyva,True,NA,NA,NA,4789,4789,5108
Athyva54525959,54525959,Athyva,True,NA,NA,NA,5194,5194,5487
Athyva54525960,54525960,Athyva,True,NA,NA,NA,5490,5490,8265
Athyva54525961,54525961,Athyva,True,NA,NA,NA,8422,8698,NA
Athyva54788097,54788097,Athyva,True,NA,NA,NA,263,263,967
Athyva54788098,54788098,Athyva,True,NA,NA,NA,973,973,6240
Athyva54788099,54788099,Athyva,True,NA,NA,NA,6245,6725,NA
Athyva55050241,55050241,Athyva,True,NA,NA,NA,295,295,8251
Athyva55050243,55050243,Athyva,True,NA,NA,NA,8478,8478,9098
Athyva55050244,55050244,Athyva,True,NA,NA,NA,9103,9103,NA
Athyva55574529,55574529,Athyva,True,NA,NA,NA,530,530,973
Athyva55574530,55574530,Athyva,True,NA,NA,NA,1010,1010,1304
Athyva55574531,55574531,Athyva,True,NA,NA,NA,1395,2995,NA
Athyva56098817,56098817,Athyva,True,NA,NA,NA,690,690,NA
Athyva56360961,56360961,Athyva,True,NA,NA,NA,770,770,1194
Athyva56360962,56360962,Athyva,True,NA,NA,NA,1250,1250,1597
Athyva56885249,56885249,Athyva,True,NA,NA,NA,967,967,2996
Athyva56885250,56885250,Athyva,True,NA,NA,NA,3011,4611,NA
Athyva57147394,57147394,Athyva,True,NA,NA,NA,11657,11657,NA
Athyva57671681,57671681,Athyva,True,NA,NA,NA,1194,1194,NA
Athyva57933825,57933825,Athyva,True,NA,NA,NA,1304,1304,4612
Athyva57933833,57933833,Athyva,True,NA,NA,NA,4851,4851,5334
Athyva57933834,57933834,Athyva,True,NA,NA,NA,5347,5347,NA
Athyva58195969,58195969,Athyva,True,NA,NA,NA,1404,1884,NA
Athyva58720257,58720257,Athyva,True,NA,NA,NA,1490,1490,1813
Athyva58982408,58982408,Athyva,True,NA,NA,NA,11555,11555,NA
Athyva59244545,59244545,Athyva,True,NA,NA,NA,1597,1597,2831
Athyva59244546,59244546,Athyva,True,NA,NA,NA,2930,2930,3720
Athyva59506689,59506689,Athyva,True,NA,NA,NA,1730,1730,2088
Athyva59506690,59506690,Athyva,True,NA,NA,NA,2210,2210,2661
Athyva59506691,59506691,Athyva,True,NA,NA,NA,2690,2690,3225
Athyva59506692,59506692,Athyva,True,NA,NA,NA,3235,3235,3973
Athyva59506693,59506693,Athyva,True,NA,NA,NA,3991,3991,5781
Athyva59506695,59506695,Athyva,True,NA,NA,NA,10447,10447,11644
Athyva59506697,59506697,Athyva,True,NA,NA,NA,11656,11656,NA
Athyva59768833,59768833,Athyva,True,NA,NA,NA,1790,2830,NA
Athyva60030977,60030977,Athyva,True,NA,NA,NA,1813,1813,6222
Athyva60030978,60030978,Athyva,True,NA,NA,NA,6246,6246,6930
Athyva60030979,60030979,Athyva,True,NA,NA,NA,7109,7109,NA
Athyva60555265,60555265,Athyva,True,NA,NA,NA,2088,2088,NA
Athyva61079553,61079553,Athyva,True,NA,NA,NA,2271,2271,NA
Athyva61341697,61341697,Athyva,True,NA,NA,NA,2450,2450,2962
Athyva61341698,61341698,Athyva,True,NA,NA,NA,2995,2995,3991
Athyva61341700,61341700,Athyva,True,NA,NA,NA,5455,5455,5786
Athyva61341703,61341703,Athyva,True,NA,NA,NA,5934,5934,7805
Athyva61341705,61341705,Athyva,True,NA,NA,NA,7880,7880,8639
Athyva61341706,61341706,Athyva,True,NA,NA,NA,8644,8644,11267
Athyva62128129,62128129,Athyva,True,NA,NA,NA,2661,2661,NA
Athyva62652417,62652417,Athyva,True,NA,NA,NA,2962,2962,NA
Athyva63438849,63438849,Athyva,True,NA,NA,NA,3170,3170,4199
Athyva63438850,63438850,Athyva,True,NA,NA,NA,4207,4207,5275
Athyva63438851,63438851,Athyva,True,NA,NA,NA,5281,5281,5557
Athyva63438852,63438852,Athyva,True,NA,NA,NA,5571,5571,5908
Athyva63438853,63438853,Athyva,True,NA,NA,NA,5913,5913,NA
Athyva63700993,63700993,Athyva,True,NA,NA,NA,3225,3225,5089
Athyva63700998,63700998,Athyva,True,NA,NA,NA,5331,5331,5799
Athyva63701000,63701000,Athyva,True,NA,NA,NA,5826,5826,6183
Athyva63701001,63701001,Athyva,True,NA,NA,NA,6186,6186,7843
Athyva63701002,63701002,Athyva,True,NA,NA,NA,7849,7849,8644
Athyva63701003,63701003,Athyva,True,NA,NA,NA,8648,8648,NA
Athyva63963137,63963137,Athyva,True,NA,NA,NA,3225,3225,5058
Athyva63963138,63963138,Athyva,True,NA,NA,NA,5062,5062,NA
Athyva64225281,64225281,Athyva,True,NA,NA,NA,3410,3410,4207
Athyva64225282,64225282,Athyva,True,NA,NA,NA,4220,4220,NA
Athyva64749569,64749569,Athyva,True,NA,NA,NA,3475,3475,4231
Athyva64749570,64749570,Athyva,True,NA,NA,NA,4295,4295,4761
Athyva64749571,64749571,Athyva,True,NA,NA,NA,4775,4775,5058
Athyva64749573,64749573,Athyva,True,NA,NA,NA,5347,5347,NA
Athyva65011715,65011715,Athyva,True,NA,NA,NA,5058,5058,NA
Athyva65273857,65273857,Athyva,True,NA,NA,NA,3688,3688,4387
Athyva65273858,65273858,Athyva,True,NA,NA,NA,4408,4408,NA
Athyva65798147,65798147,Athyva,True,NA,NA,NA,3829,3829,4335
Athyva66060289,66060289,Athyva,True,NA,NA,NA,3720,3720,7901
Athyva66060290,66060290,Athyva,True,NA,NA,NA,8454,8454,9103
Athyva66060291,66060291,Athyva,True,NA,NA,NA,9106,9106,NA
Athyva66584577,66584577,Athyva,True,NA,NA,NA,3973,3973,4755
Athyva66584578,66584578,Athyva,True,NA,NA,NA,4761,4761,NA
Athyva66846721,66846721,Athyva,True,NA,NA,NA,3973,3973,5872
Athyva66846722,66846722,Athyva,True,NA,NA,NA,6183,6183,NA
Athyva67108865,67108865,Athyva,True,NA,NA,NA,3991,3991,4845
Athyva67108867,67108867,Athyva,True,NA,NA,NA,4902,4902,5347
Athyva67371009,67371009,Athyva,True,NA,NA,NA,4055,4055,4408
Athyva67371013,67371013,Athyva,True,NA,NA,NA,4492,4492,NA
Athyva67633153,67633153,Athyva,True,NA,NA,NA,4069,4069,4492
Athyva67633156,67633156,Athyva,True,NA,NA,NA,4549,4549,4955
Athyva67633158,67633158,Athyva,True,NA,NA,NA,5334,5334,NA
Athyva67895297,67895297,Athyva,True,NA,NA,NA,4199,4199,5876
Athyva67895299,67895299,Athyva,True,NA,NA,NA,5908,5908,NA
Athyva68157441,68157441,Athyva,True,NA,NA,NA,4199,4199,5367
Athyva68157444,68157444,Athyva,True,NA,NA,NA,5468,5468,NA
Athyva68419585,68419585,Athyva,True,NA,NA,NA,4207,4207,5711
Athyva68419588,68419588,Athyva,True,NA,NA,NA,5800,5800,NA
Athyva68681729,68681729,Athyva,True,NA,NA,NA,4224,4224,NA
Athyva68943873,68943873,Athyva,True,NA,NA,NA,4231,4231,5966
Athyva69206017,69206017,Athyva,True,NA,NA,NA,4231,4231,5965
Athyva69206018,69206018,Athyva,True,NA,NA,NA,6051,6051,6966
Athyva69468161,69468161,Athyva,True,NA,NA,NA,4309,4309,5062
Athyva69468163,69468163,Athyva,True,NA,NA,NA,5108,5108,NA
Athyva69730305,69730305,Athyva,True,NA,NA,NA,4335,4335,6931
Athyva69730306,69730306,Athyva,True,NA,NA,NA,6966,6966,NA
Athyva69992450,69992450,Athyva,True,NA,NA,NA,4387,4387,NA
Athyva70516737,70516737,Athyva,True,NA,NA,NA,4535,4535,5347
Athyva70516738,70516738,Athyva,True,NA,NA,NA,5557,5557,NA
Athyva70778883,70778883,Athyva,True,NA,NA,NA,4611,4611,5348
Athyva70778885,70778885,Athyva,True,NA,NA,NA,5487,5487,NA
Athyva71303170,71303170,Athyva,True,NA,NA,NA,4948,4948,5490
Athyva71303171,71303171,Athyva,True,NA,NA,NA,5525,5525,5913
Athyva71303172,71303172,Athyva,True,NA,NA,NA,5917,5917,NA
Athyva71565314,71565314,Athyva,True,NA,NA,NA,4910,4910,5800
Athyva71565315,71565315,Athyva,True,NA,NA,NA,5802,5802,NA
Athyva71827457,71827457,Athyva,True,NA,NA,NA,4906,4906,5800
Athyva71827458,71827458,Athyva,True,NA,NA,NA,5811,5811,6186
Athyva71827459,71827459,Athyva,True,NA,NA,NA,6191,6191,NA
Athyva72351746,72351746,Athyva,True,NA,NA,NA,4952,4952,5802
Athyva72351753,72351753,Athyva,True,NA,NA,NA,6060,6540,NA
Athyva72613893,72613893,Athyva,True,NA,NA,NA,5091,5091,5917
Athyva72876033,72876033,Athyva,True,NA,NA,NA,4955,4955,NA
Athyva73138177,73138177,Athyva,True,NA,NA,NA,4956,4956,5934
Athyva73138178,73138178,Athyva,True,NA,NA,NA,6066,6066,7109
Athyva73138179,73138179,Athyva,True,NA,NA,NA,7113,7113,NA
Athyva73400322,73400322,Athyva,True,NA,NA,NA,5348,5348,7014
Athyva73400323,73400323,Athyva,True,NA,NA,NA,7020,7900,NA
Athyva73662466,73662466,Athyva,True,NA,NA,NA,5666,5906,NA
Athyva73924611,73924611,Athyva,True,NA,NA,NA,5729,5729,6193
Athyva73924612,73924612,Athyva,True,NA,NA,NA,6197,6197,10930
Athyva73924643,73924643,Athyva,True,NA,NA,NA,11406,11406,NA
Athyva74711054,74711054,Athyva,True,NA,NA,NA,11748,11748,NA
Athyva74973185,74973185,Athyva,True,NA,NA,NA,5733,5733,6197
Athyva74973186,74973186,Athyva,True,NA,NA,NA,6200,6200,6842
Athyva74973187,74973187,Athyva,True,NA,NA,NA,6885,6885,7349
Athyva74973188,74973188,Athyva,True,NA,NA,NA,7352,7352,9549
Athyva74973189,74973189,Athyva,True,NA,NA,NA,9576,9852,NA
Athyva75235330,75235330,Athyva,True,NA,NA,NA,5763,5763,6200
Athyva75235333,75235333,Athyva,True,NA,NA,NA,6531,6531,7113
Athyva75235334,75235334,Athyva,True,NA,NA,NA,7125,7125,7725
Athyva75235335,75235335,Athyva,True,NA,NA,NA,7729,7729,NA
Athyva75759617,75759617,Athyva,True,NA,NA,NA,5737,5737,6191
Athyva75759618,75759618,Athyva,True,NA,NA,NA,6193,6193,10962
Athyva75759639,75759639,Athyva,True,NA,NA,NA,11199,11439,NA
Athyva76021762,76021762,Athyva,True,NA,NA,NA,5767,5767,6278
Athyva76021771,76021771,Athyva,True,NA,NA,NA,6450,6930,NA
Athyva76283906,76283906,Athyva,True,NA,NA,NA,5800,5800,NA
Athyva76546051,76546051,Athyva,True,NA,NA,NA,11103,11103,11609
Athyva76808193,76808193,Athyva,True,NA,NA,NA,5770,5770,7352
Athyva76808194,76808194,Athyva,True,NA,NA,NA,7356,7356,11077
Athyva76808204,76808204,Athyva,True,NA,NA,NA,11322,11322,NA
Athyva77070337,77070337,Athyva,True,NA,NA,NA,5771,5771,7356
Athyva77070338,77070338,Athyva,True,NA,NA,NA,7359,7359,NA
Athyva77332482,77332482,Athyva,True,NA,NA,NA,5799,5799,NA
Athyva77594626,77594626,Athyva,True,NA,NA,NA,5786,5786,6726
Athyva77594648,77594648,Athyva,True,NA,NA,NA,11640,11640,NA
Athyva77856770,77856770,Athyva,True,NA,NA,NA,6197,6197,10940
Athyva77856801,77856801,Athyva,True,NA,NA,NA,11563,11563,NA
Athyva78118913,78118913,Athyva,True,NA,NA,NA,6200,6200,11098
Athyva78381057,78381057,Athyva,True,NA,NA,NA,6474,6474,7359
Athyva78381058,78381058,Athyva,True,NA,NA,NA,7362,7842,NA
Athyva78643202,78643202,Athyva,True,NA,NA,NA,6501,6501,7390
Athyva78643203,78643203,Athyva,True,NA,NA,NA,7394,7394,NA
Athyva78905345,78905345,Athyva,True,NA,NA,NA,6478,6478,7394
Athyva78905346,78905346,Athyva,True,NA,NA,NA,7398,7398,NA
Athyva79167490,79167490,Athyva,True,NA,NA,NA,6505,6505,7398
Athyva79167491,79167491,Athyva,True,NA,NA,NA,7421,7421,7912
Athyva79429634,79429634,Athyva,True,NA,NA,NA,6534,7014,NA
Athyva79691777,79691777,Athyva,True,NA,NA,NA,6509,6509,7729
Athyva79691778,79691778,Athyva,True,NA,NA,NA,7732,7732,NA
Athyva79953925,79953925,Athyva,True,NA,NA,NA,6917,6917,NA
Athyva80216066,80216066,Athyva,True,NA,NA,NA,7163,7163,7732
Athyva80216067,80216067,Athyva,True,NA,NA,NA,7784,8264,NA
Athyva80478210,80478210,Athyva,True,NA,NA,NA,7167,7442,NA
Athyva80740355,80740355,Athyva,True,NA,NA,NA,7243,7243,7616
Athyva80740356,80740356,Athyva,True,NA,NA,NA,7618,7618,NA
Athyva81002497,81002497,Athyva,True,NA,NA,NA,7186,7186,7618
Athyva81002498,81002498,Athyva,True,NA,NA,NA,7623,7623,7924
Athyva81002499,81002499,Athyva,True,NA,NA,NA,7927,7927,NA
Athyva81264642,81264642,Athyva,True,NA,NA,NA,7213,7213,7623
Athyva81264643,81264643,Athyva,True,NA,NA,NA,7632,8112,NA
Athyva81526785,81526785,Athyva,True,NA,NA,NA,7190,7190,7915
Athyva81526786,81526786,Athyva,True,NA,NA,NA,7919,7919,NA
Athyva81788930,81788930,Athyva,True,NA,NA,NA,7217,7217,7919
Athyva81788931,81788931,Athyva,True,NA,NA,NA,7924,7924,NA
Athyva82051073,82051073,Athyva,True,NA,NA,NA,7194,7194,7924
Athyva82051075,82051075,Athyva,True,NA,NA,NA,8049,8049,NA
Athyva82313218,82313218,Athyva,True,NA,NA,NA,7221,7221,7927
Athyva82313221,82313221,Athyva,True,NA,NA,NA,8003,8003,NA
Athyva82575362,82575362,Athyva,True,NA,NA,NA,7247,7247,8003
Athyva82575374,82575374,Athyva,True,NA,NA,NA,11656,11656,NA
Athyva82837506,82837506,Athyva,True,NA,NA,NA,7324,7804,NA
Athyva83361793,83361793,Athyva,True,NA,NA,NA,7239,7239,8049
Athyva83361794,83361794,Athyva,True,NA,NA,NA,8053,8053,NA
Athyva83623938,83623938,Athyva,True,NA,NA,NA,7349,7349,NA
Athyva83886082,83886082,Athyva,True,NA,NA,NA,7390,7390,NA
Athyva84672513,84672513,Athyva,True,NA,NA,NA,7521,7521,8053
Athyva84672514,84672514,Athyva,True,NA,NA,NA,8059,8059,NA
Athyva84934657,84934657,Athyva,True,NA,NA,NA,7541,7541,8059
Athyva84934659,84934659,Athyva,True,NA,NA,NA,8238,8238,9106
Athyva84934660,84934660,Athyva,True,NA,NA,NA,9201,9201,9951
Athyva85458946,85458946,Athyva,True,NA,NA,NA,9842,9842,10660
Athyva85458947,85458947,Athyva,True,NA,NA,NA,10712,10712,11656
Athyva85458956,85458956,Athyva,True,NA,NA,NA,11744,11744,NA
Athyva85721089,85721089,Athyva,True,NA,NA,NA,7610,8250,NA
Athyva85983233,85983233,Athyva,True,NA,NA,NA,7616,7616,NA
Athyva87293953,87293953,Athyva,True,NA,NA,NA,7725,7725,NA
Athyva87556097,87556097,Athyva,True,NA,NA,NA,7853,7853,8648
Athyva87556098,87556098,Athyva,True,NA,NA,NA,8651,8651,NA
Athyva88080385,88080385,Athyva,True,NA,NA,NA,7857,7857,8651
Athyva88080386,88080386,Athyva,True,NA,NA,NA,8653,8893,NA
Athyva88342530,88342530,Athyva,True,NA,NA,NA,7884,7884,8654
Athyva88342531,88342531,Athyva,True,NA,NA,NA,8721,8721,9025
Athyva88342532,88342532,Athyva,True,NA,NA,NA,9029,9029,NA
Athyva88604673,88604673,Athyva,True,NA,NA,NA,7862,7862,9110
Athyva88604674,88604674,Athyva,True,NA,NA,NA,9117,9117,NA
Athyva88866818,88866818,Athyva,True,NA,NA,NA,7892,7892,9220
Athyva88866820,88866820,Athyva,True,NA,NA,NA,9964,9964,NA
Athyva89128961,89128961,Athyva,True,NA,NA,NA,7866,7866,9225
Athyva89128962,89128962,Athyva,True,NA,NA,NA,9229,9229,11558
Athyva89128971,89128971,Athyva,True,NA,NA,NA,11657,11657,NA
Athyva89653249,89653249,Athyva,True,NA,NA,NA,7870,7870,9229
Athyva89653250,89653250,Athyva,True,NA,NA,NA,9232,9232,NA
Athyva89915394,89915394,Athyva,True,NA,NA,NA,8503,8503,9232
Athyva89915395,89915395,Athyva,True,NA,NA,NA,9964,9964,11109
Athyva90177538,90177538,Athyva,True,NA,NA,NA,7912,7912,NA
Athyva90439681,90439681,Athyva,True,NA,NA,NA,7888,7888,9117
Athyva90439682,90439682,Athyva,True,NA,NA,NA,9121,9121,NA
Athyva90701826,90701826,Athyva,True,NA,NA,NA,7915,7915,NA
Athyva90963970,90963970,Athyva,True,NA,NA,NA,8507,8507,9121
Athyva90963971,90963971,Athyva,True,NA,NA,NA,9125,9125,NA
Athyva91226114,91226114,Athyva,True,NA,NA,NA,8654,8654,11295
Athyva91226141,91226141,Athyva,True,NA,NA,NA,11651,NA,NA
Athyva91488257,91488257,Athyva,True,NA,NA,NA,8511,8511,9125
Athyva91488258,91488258,Athyva,True,NA,NA,NA,9201,9201,9964
Athyva91488259,91488259,Athyva,True,NA,NA,NA,9966,9966,NA
Athyva91750402,91750402,Athyva,True,NA,NA,NA,8639,8639,NA
Athyva92012545,92012545,Athyva,True,NA,NA,NA,8514,8514,9029
Athyva92012546,92012546,Athyva,True,NA,NA,NA,9068,9548,NA
Athyva92536833,92536833,Athyva,True,NA,NA,NA,8518,8518,9095
Athyva92536834,92536834,Athyva,True,NA,NA,NA,9098,9098,NA
Athyva93061121,93061121,Athyva,True,NA,NA,NA,8522,8522,9454
Athyva93061122,93061122,Athyva,True,NA,NA,NA,9458,9458,11450
Athyva94109697,94109697,Athyva,True,NA,NA,NA,8911,8911,9458
Athyva94109698,94109698,Athyva,True,NA,NA,NA,9602,9602,10255
Athyva94109700,94109700,Athyva,True,NA,NA,NA,10264,10264,10805
Athyva94109701,94109701,Athyva,True,NA,NA,NA,10810,10810,NA
Athyva94896129,94896129,Athyva,True,NA,NA,NA,8954,9217,NA
Athyva95158274,95158274,Athyva,True,NA,NA,NA,9025,9025,NA
Athyva95420417,95420417,Athyva,True,NA,NA,NA,8961,8961,9536
Athyva95420418,95420418,Athyva,True,NA,NA,NA,9547,9547,NA
Athyva95682561,95682561,Athyva,True,NA,NA,NA,8961,8961,9547
Athyva95682563,95682563,Athyva,True,NA,NA,NA,9762,9762,10810
Athyva95682564,95682564,Athyva,True,NA,NA,NA,10814,10814,NA
Athyva95944705,95944705,Athyva,True,NA,NA,NA,9073,9073,9964
Athyva95944706,95944706,Athyva,True,NA,NA,NA,9966,9966,NA
Athyva96206851,96206851,Athyva,True,NA,NA,NA,9951,9951,11032
Athyva96468993,96468993,Athyva,True,NA,NA,NA,9077,9077,9965
Athyva96468994,96468994,Athyva,True,NA,NA,NA,10082,10082,10814
Athyva96468995,96468995,Athyva,True,NA,NA,NA,10817,10817,NA
Athyva96731138,96731138,Athyva,True,NA,NA,NA,9209,9209,9966
Athyva96731139,96731139,Athyva,True,NA,NA,NA,9968,9968,NA
Athyva96993281,96993281,Athyva,True,NA,NA,NA,9081,9081,9966
Athyva96993282,96993282,Athyva,True,NA,NA,NA,10002,10002,10817
Athyva96993283,96993283,Athyva,True,NA,NA,NA,10821,10821,NA
Athyva97255426,97255426,Athyva,True,NA,NA,NA,9110,9110,NA
Athyva97517569,97517569,Athyva,True,NA,NA,NA,9095,9095,NA
Athyva97779713,97779713,Athyva,True,NA,NA,NA,9209,9209,9966
Athyva97779714,97779714,Athyva,True,NA,NA,NA,9969,9969,11115
Athyva97779715,97779715,Athyva,True,NA,NA,NA,11122,11122,NA
Athyva98041873,98041873,Athyva,True,NA,NA,NA,9762,9762,10821
Athyva98041874,98041874,Athyva,True,NA,NA,NA,10824,10824,NA
Athyva98304001,98304001,Athyva,True,NA,NA,NA,9213,9213,9968
Athyva98304002,98304002,Athyva,True,NA,NA,NA,10002,10002,10824
Athyva98304003,98304003,Athyva,True,NA,NA,NA,10828,10828,NA
Athyva98828289,98828289,Athyva,True,NA,NA,NA,9213,9213,9969
Athyva98828290,98828290,Athyva,True,NA,NA,NA,9988,9988,NA
Athyva99090436,99090436,Athyva,True,NA,NA,NA,9267,NA,9473
Athyva99090437,99090437,Athyva,True,NA,NA,NA,9536,9536,NA
Athyva99352577,99352577,Athyva,True,NA,NA,NA,9217,9217,10260
Athyva99352579,99352579,Athyva,True,NA,NA,NA,10443,10443,11656
Athyva99352581,99352581,Athyva,True,NA,NA,NA,11764,NA,NA
Athyva99876865,99876865,Athyva,True,NA,NA,NA,9217,9217,10828
Athyva99876866,99876866,Athyva,True,NA,NA,NA,10833,10833,NA
NA1572865,1572865,NA,NA,NA,NA,NA,0,0,9674
NA1835009,1835009,NA,NA,NA,NA,NA,0,0,10505
NA34078721,34078721,NA,NA,NA,NA,NA,0,0,9881
NA38273025,38273025,NA,NA,NA,NA,NA,0,0,10945
kalaffior101187585,101187585,kalaffior,True,NA,NA,NA,9225,9225,NA
kalaffior101711873,101711873,kalaffior,True,NA,NA,NA,10089,10089,NA
kalaffior101974017,101974017,kalaffior,True,NA,NA,NA,10095,10095,NA
kalaffior102236174,102236174,kalaffior,True,NA,NA,NA,10914,11314,NA
kalaffior103546883,103546883,kalaffior,True,NA,NA,NA,10276,10276,NA
kalaffior103809025,103809025,kalaffior,True,NA,NA,NA,10270,10270,NA
kalaffior104595460,104595460,kalaffior,True,NA,NA,NA,10485,10485,NA
kalaffior106430466,106430466,kalaffior,True,NA,NA,NA,10627,10708,11710
kalaffior106954753,106954753,kalaffior,True,NA,NA,NA,10787,10868,11111
kalaffior107216897,107216897,kalaffior,True,NA,NA,NA,10790,10871,11135
kalaffior107479041,107479041,kalaffior,True,NA,NA,NA,10793,10874,11700
kalaffior109051908,109051908,kalaffior,True,NA,NA,NA,10962,11362,NA
kalaffior109314070,109314070,kalaffior,True,NA,NA,NA,11293,11374,11732
kalaffior1572866,1572866,kalaffior,True,NA,NA,NA,9729,10529,NA
kalaffior1835010,1835010,kalaffior,True,NA,NA,NA,10515,10596,11173
kalaffior34078722,34078722,kalaffior,True,NA,NA,NA,9893,9893,10185
kalaffior34078745,34078745,kalaffior,True,NA,NA,NA,11409,11490,11536
kalaffior38273031,38273031,kalaffior,True,NA,NA,NA,10996,11396,NA
kalaffior39059457,39059457,kalaffior,True,NA,NA,NA,0,0,NA
kalaffior39321601,39321601,kalaffior,True,NA,NA,NA,0,0,NA
kalaffior39583745,39583745,kalaffior,True,NA,NA,NA,0,0,NA
kalaffior39845889,39845889,kalaffior,True,NA,NA,NA,0,0,NA
kalaffior40108033,40108033,kalaffior,True,NA,NA,NA,0,0,NA
kalaffior40370177,40370177,kalaffior,True,NA,NA,NA,0,0,NA
kalaffior40632321,40632321,kalaffior,True,NA,NA,NA,0,0,NA
kalaffior40894465,40894465,kalaffior,True,NA,NA,NA,0,0,NA
kalaffior41156609,41156609,kalaffior,True,NA,NA,NA,0,0,NA
kalaffior41418753,41418753,kalaffior,True,NA,NA,NA,0,0,NA
kalaffior41680897,41680897,kalaffior,True,NA,NA,NA,0,0,NA
kalaffior41943041,41943041,kalaffior,True,NA,NA,NA,0,0,NA
kalaffior42205185,42205185,kalaffior,True,NA,NA,NA,0,0,NA
kalaffior42467329,42467329,kalaffior,True,NA,NA,NA,0,0,NA
kalaffior42729473,42729473,kalaffior,True,NA,NA,NA,0,0,NA
kalaffior46923777,46923777,kalaffior,True,NA,NA,NA,0,0,NA
kalaffior47185921,47185921,kalaffior,True,NA,NA,NA,0,0,NA
kalaffior47448065,47448065,kalaffior,True,NA,NA,NA,0,0,NA
kalaffior47710209,47710209,kalaffior,True,NA,NA,NA,0,0,NA
kalaffior47972353,47972353,kalaffior,True,NA,NA,NA,0,0,NA
kalaffior48234497,48234497,kalaffior,True,NA,NA,NA,0,0,NA
kalaffior48496641,48496641,kalaffior,True,NA,NA,NA,0,0,NA
kalaffior48758785,48758785,kalaffior,True,NA,NA,NA,0,0,NA
kalaffior49020929,49020929,kalaffior,True,NA,NA,NA,0,0,NA
kalaffior49283073,49283073,kalaffior,True,NA,NA,NA,0,0,NA
kalaffior49545217,49545217,kalaffior,True,NA,NA,NA,0,0,NA
kalaffior49807361,49807361,kalaffior,True,NA,NA,NA,0,0,NA
kalaffior50069505,50069505,kalaffior,True,NA,NA,NA,0,0,NA
kalaffior50593794,50593794,kalaffior,True,NA,NA,NA,322,322,NA
kalaffior51118082,51118082,kalaffior,True,NA,NA,NA,711,1191,NA
kalaffior51642375,51642375,kalaffior,True,NA,NA,NA,8235,8316,11352
kalaffior53215235,53215235,kalaffior,True,NA,NA,NA,2301,2301,NA
kalaffior53477382,53477382,kalaffior,True,NA,NA,NA,6785,6866,11086
kalaffior55312385,55312385,kalaffior,True,NA,NA,NA,495,895,11716
kalaffior55836673,55836673,kalaffior,True,NA,NA,NA,593,593,NA
kalaffior56360963,56360963,kalaffior,True,NA,NA,NA,1691,1691,NA
kalaffior56623105,56623105,kalaffior,True,NA,NA,NA,864,864,NA
kalaffior57147393,57147393,kalaffior,True,NA,NA,NA,1039,2079,11634
kalaffior57409537,57409537,kalaffior,True,NA,NA,NA,1168,1168,NA
kalaffior58458113,58458113,kalaffior,True,NA,NA,NA,1439,1439,NA
kalaffior58720258,58720258,kalaffior,True,NA,NA,NA,1872,1872,NA
kalaffior58982401,58982401,kalaffior,True,NA,NA,NA,1531,2571,11507
kalaffior59244547,59244547,kalaffior,True,NA,NA,NA,3893,5493,NA
kalaffior59506694,59506694,kalaffior,True,NA,NA,NA,6194,6594,10285
kalaffior60293121,60293121,kalaffior,True,NA,NA,NA,2053,2053,NA
kalaffior60817409,60817409,kalaffior,True,NA,NA,NA,2221,3021,11438
kalaffior61341699,61341699,kalaffior,True,NA,NA,NA,3997,3997,5432
kalaffior61603841,61603841,kalaffior,True,NA,NA,NA,2545,2945,NA
kalaffior61865985,61865985,kalaffior,True,NA,NA,NA,2624,3104,NA
kalaffior62390273,62390273,kalaffior,True,NA,NA,NA,2799,2799,NA
kalaffior62914561,62914561,kalaffior,True,NA,NA,NA,3057,4017,NA
kalaffior63176705,63176705,kalaffior,True,NA,NA,NA,3070,3070,NA
kalaffior64487425,64487425,kalaffior,True,NA,NA,NA,3422,3422,NA
kalaffior65011713,65011713,kalaffior,True,NA,NA,NA,3682,3682,4925
kalaffior65536001,65536001,kalaffior,True,NA,NA,NA,3693,3693,NA
kalaffior65798148,65798148,kalaffior,True,NA,NA,NA,4347,4987,11614
kalaffior66322433,66322433,kalaffior,True,NA,NA,NA,3964,3964,NA
kalaffior67108868,67108868,kalaffior,True,NA,NA,NA,5613,5613,11026
kalaffior68943874,68943874,kalaffior,True,NA,NA,NA,5979,5979,NA
kalaffior69206019,69206019,kalaffior,True,NA,NA,NA,7051,7451,NA
kalaffior70254593,70254593,kalaffior,True,NA,NA,NA,4413,NA,4433
kalaffior70254594,70254594,kalaffior,True,NA,NA,NA,4476,4876,11806
kalaffior71041025,71041025,kalaffior,True,NA,NA,NA,4591,4991,11867
kalaffior72089602,72089602,kalaffior,True,NA,NA,NA,4934,4934,NA
kalaffior72613896,72613896,kalaffior,True,NA,NA,NA,6008,6408,NA
kalaffior74186753,74186753,kalaffior,True,NA,NA,NA,5677,6717,NA
kalaffior74448897,74448897,kalaffior,True,NA,NA,NA,5708,5708,NA
kalaffior74711041,74711041,kalaffior,True,NA,NA,NA,5708,5708,8182
kalaffior74711042,74711042,kalaffior,True,NA,NA,NA,8233,8314,11217
kalaffior74711049,74711049,kalaffior,True,NA,NA,NA,11291,11372,11710
kalaffior75497474,75497474,kalaffior,True,NA,NA,NA,5749,6789,NA
kalaffior76546049,76546049,kalaffior,True,NA,NA,NA,5769,5769,11090
kalaffior77594628,77594628,kalaffior,True,NA,NA,NA,6735,6816,11253
kalaffior77594638,77594638,kalaffior,True,NA,NA,NA,11411,11492,11558
kalaffior78118939,78118939,kalaffior,True,NA,NA,NA,11518,11710,11804
kalaffior79167492,79167492,kalaffior,True,NA,NA,NA,8428,8428,NA
kalaffior82575363,82575363,kalaffior,True,NA,NA,NA,8240,8321,11104
kalaffior82575365,82575365,kalaffior,True,NA,NA,NA,11414,11495,11567
kalaffior83099649,83099649,kalaffior,True,NA,NA,NA,7225,8025,NA
kalaffior84148226,84148226,kalaffior,True,NA,NA,NA,7484,7484,NA
kalaffior84410369,84410369,kalaffior,True,NA,NA,NA,7491,7491,NA
kalaffior84934661,84934661,kalaffior,True,NA,NA,NA,9961,11001,NA
kalaffior85196801,85196801,kalaffior,True,NA,NA,NA,7556,8596,NA
kalaffior85458945,85458945,kalaffior,True,NA,NA,NA,7597,7597,9372
kalaffior86245377,86245377,kalaffior,True,NA,NA,NA,7624,8104,NA
kalaffior86507521,86507521,kalaffior,True,NA,NA,NA,7650,8130,NA
kalaffior86769665,86769665,kalaffior,True,NA,NA,NA,7665,7665,11866
kalaffior87031809,87031809,kalaffior,True,NA,NA,NA,7672,7672,NA
kalaffior87818242,87818242,kalaffior,True,NA,NA,NA,7880,7880,NA
kalaffior89391107,89391107,kalaffior,True,NA,NA,NA,8730,9450,NA
kalaffior92274690,92274690,kalaffior,True,NA,NA,NA,8558,8558,NA
kalaffior92798978,92798978,kalaffior,True,NA,NA,NA,8553,8553,NA
kalaffior93323266,93323266,kalaffior,True,NA,NA,NA,8734,8734,NA
kalaffior93585409,93585409,kalaffior,True,NA,NA,NA,8739,8739,NA
kalaffior93847553,93847553,kalaffior,True,NA,NA,NA,8751,9471,NA
kalaffior94371841,94371841,kalaffior,True,NA,NA,NA,8951,8951,NA
kalaffior94633985,94633985,kalaffior,True,NA,NA,NA,8954,8954,NA
kalaffior96206855,96206855,kalaffior,True,NA,NA,NA,11075,11075,11452
kalaffior98566146,98566146,kalaffior,True,NA,NA,NA,9918,10958,NA
kalaffior99614729,99614729,kalaffior,True,NA,NA,NA,9914,10954,NA
